warehouse_id;isbn;order_id;quantity
2;0000743206061;1;2
2;0000375703764;1;3
2;0000316602051;1;2
2;0001586851357;1;1
2;0000072222743;1;3
2;0000060934417;1;2
2;0000262521415;1;3
2;0000324113641;1;2
1;0000312243022;2;3
1;0000393318486;2;3
1;0000393319407;2;1
1;0000743222008;2;1
1;0000324107501;2;1
1;0000471363049;2;3
1;0000345409469;2;3
1;0000609610570;2;2
1;0000072222743;3;2
1;0000865659982;3;2
1;0000684848155;3;1
1;0000446606812;3;3
1;0000072227885;3;1
2;0000262232197;4;1
2;0000072294337;4;2
2;0001561586196;4;3
2;0000066214750;4;1
2;0000201615762;4;2
2;0000142001740;4;3
2;0000743457358;4;1
2;0000446606812;4;1
1;0000471286168;5;1
1;0000735712123;5;1
1;0000735712379;5;1
1;0000156006219;5;3
1;0000375508325;5;2
1;0000385504470;5;3
1;0000596004478;5;3
1;0000679450785;5;3
2;0000671004107;6;1
2;0000156006219;6;3
2;0000471363049;6;3
2;0000471286168;6;1
2;0001579902944;6;1
1;0000446608955;7;1
1;000038572179X;7;2
1;0000312243022;7;1
1;0000782140661;7;2
2;0000061161721;8;3
2;0000399149848;8;3
1;0000060958405;9;3
1;0000805317554;9;2
1;0000738206679;9;1
1;0000735713170;9;2
1;0000072227885;9;3
1;0000072294337;9;3
2;0000743206061;10;3
2;0000743467523;10;3
2;0000471200247;10;3
2;0000743222008;10;1
2;0000385494149;10;3
2;0000735713170;10;2
2;0001558606432;10;2
2;0000071414339;10;3
2;0000471391123;11;3
1;0000072227885;12;3
1;0000446608955;12;2
1;0000373218257;12;1
1;0001565924916;12;1
1;0000517576600;12;3
1;0000072227710;12;2
1;0001561586196;12;2
1;0000385494246;12;3
1;0000471200247;12;3
2;0000471363049;13;1
2;0001558605525;13;2
2;0001558606432;13;1
1;0000321125169;14;3
1;0000060540753;14;3
1;0000517576600;14;2
1;0000345376595;14;3
1;0000671004107;14;3
1;0000743206061;14;3
1;0000072315318;14;3
1;0000060855925;14;2
2;0001565924916;15;2
2;0000142001740;15;2
2;0000425188361;15;1
2;0000399149392;15;2
2;0000385504470;15;3
2;0000345376595;15;1
2;0000373218192;15;2
2;0000743206061;15;1
2;0000060502935;15;1
2;0000782140661;15;2
2;0000440237556;16;2
2;0000743206061;16;1
1;0000201615762;17;3
1;0000060540753;17;1
1;0000072315318;17;3
1;0000373272839;17;3
1;0000385494327;17;2
1;0000142001740;17;1
1;0000471391123;17;1
1;0000316666343;17;3
1;0000393319407;17;2
1;0000782140114;17;1
1;0000865659982;18;3
1;0000385494246;18;1
1;0000060502935;18;3
1;0000072294337;18;3
1;0000345336895;18;3
1;0001586851322;18;1
1;0000679450785;19;3
1;0000743457358;19;3
1;0000345452089;19;3
1;0000385494246;19;3
1;0000425188361;19;2
1;0000679722955;19;3
2;0000743222008;20;3
2;0000316666343;20;1
2;0000385494149;20;2
2;0000321125169;20;2
2;0000399149848;20;3
2;0000061020656;20;2
1;0000670031518;21;1
1;0000060502935;22;3
1;0000130998516;22;2
1;0000061020656;22;3
1;0000471286168;22;3
1;0001558605525;22;2
1;0000072227710;23;1
1;0000385494246;23;2
1;0000312243022;23;2
1;0000787960756;23;1
1;0000684843285;23;2
1;0000446676098;23;1
1;0000385494149;23;3
1;0000140077022;23;3
2;0000060502935;24;2
2;0001880418568;24;3
2;0000072315318;24;3
2;0000060855925;24;1
2;0000684843285;24;3
2;0001590520734;24;1
2;0001561586196;24;2
2;0000684848155;24;3
2;0000471358983;24;3
2;0000440237556;25;2
2;0000671004107;25;2
2;0000679450785;25;3
2;0000321125169;25;2
2;0000743222008;25;1
2;0000316096199;25;2
2;0000130323519;25;2
2;0000061020648;25;3
1;0000321125169;26;3
1;0000373272839;26;2
1;0000743455967;26;3
1;0000316096199;26;1
1;0000393319407;27;1
1;0000060502935;27;3
1;0000312276702;27;1
1;0000345336895;27;3
1;0001880418568;27;3
1;0000066214750;27;2
1;0000743206061;27;2
1;0000262521415;27;3
1;0001565924916;28;3
1;0000060540753;28;1
1;0000446676098;28;2
1;0000324113641;28;2
1;0000394739698;28;2
1;0000385494149;28;3
1;0001590520734;28;1
1;0000066214750;28;3
2;000156158648X;29;1
2;0000471288217;29;1
2;0000060934417;29;3
2;000067976867X;29;2
2;0000060540753;29;1
2;0000446676098;29;1
1;0000671004107;30;1
1;0000735712379;30;2
1;000067976867X;30;2
1;0000743457358;30;2
1;0000345452089;30;2
1;0000865659982;30;1
1;0000446676098;30;2
1;0000679722955;31;2
1;0000324113641;31;2
2;0000345452089;32;2
2;0000312243022;32;1
2;000067463442X;32;3
2;0000321125169;32;2
2;0000679722955;32;2
2;0000156006219;32;3
2;0001579902944;32;2
2;0000312287941;32;3
2;0000072294337;32;2
2;0000671004107;33;2
2;0000471358983;33;1
2;0000446527793;33;3
2;0000782140661;33;2
2;0000312243022;33;2
2;0000316602051;33;2
2;0000060855925;33;1
2;0000517576600;33;3
2;0000399149848;33;1
2;0000743467523;34;2
2;0000446608955;34;3
2;0000425188361;34;2
2;0000312243022;34;1
2;0000375703764;34;2
2;0001558605525;34;3
2;000067976867X;34;1
2;0000345452089;34;1
2;0000345336895;34;1
2;0000324107501;34;1
2;0001558606432;35;2
2;000067463442X;35;1
2;0000312276702;35;3
2;0000060855925;35;3
2;0000471391123;35;3
2;0000316602051;35;1
2;0000743222008;35;1
2;0000805317554;35;1
2;0000425188361;35;3
2;0000399149848;36;2
2;0000735712360;36;1
2;0000471288217;36;3
2;0000471286168;36;1
2;0000262521415;36;2
2;0000446527793;36;1
2;0000312311354;36;1
2;0000324113641;36;3
2;0000972263608;36;3
1;0000060540753;37;2
1;0000446606812;37;1
1;0001558606432;37;3
1;0000373272839;37;2
1;0000061161721;37;2
1;0000471363049;37;2
1;0000517576600;37;1
2;0000345452089;38;2
2;0001861004486;39;2
2;0000060934417;39;3
2;0000312276702;39;1
2;0000373218192;39;1
2;0000130998516;39;1
2;0000425188361;39;3
2;0000072222743;39;1
2;0000061161721;40;1
2;0000393319407;40;1
2;0000262024829;40;3
2;0001880418568;40;3
2;0001558606432;40;3
2;0000312287941;40;2
2;0000345409469;40;1
2;0000142001740;40;3
2;000156158648X;40;3
2;0000440237556;40;3
2;0001561584029;41;1
2;0000446608955;41;3
2;0000375508325;41;3
2;0000385494149;41;2
2;0001558606432;41;2
2;0000066214750;41;1
2;0000060934417;41;1
2;0000316602051;41;1
2;0000394739698;42;2
2;0000066214750;42;2
2;0000679450785;42;1
2;0001561584029;42;2
2;0000385494149;42;1
1;0000060958405;43;3
1;0000316096199;43;1
1;0000446606812;43;2
1;0000440237556;43;2
1;0000324113641;43;3
1;0000156006219;43;1
2;0000060502935;44;2
2;0000060540753;44;3
2;0000735713170;44;2
2;0000735712360;44;2
2;0000787960756;44;3
2;0000060958332;44;2
2;0000385504470;44;1
2;0000262024829;44;2
2;0001561586196;45;1
1;0000385494246;46;1
1;0000782140661;46;2
1;0000373272839;46;2
1;000038572179X;46;3
1;0000446676098;46;3
1;0000316666343;46;2
1;0000670031518;46;3
1;0000684843285;46;1
1;0000312287941;47;3
1;0000316096199;47;1
1;0000471288217;47;2
1;0001880418568;47;3
1;0000972263608;47;3
1;0000446527793;47;1
1;0001861004486;47;1
1;0000130998516;47;2
2;0000072227710;48;1
2;0001861004486;49;1
2;000067463442X;49;1
1;0000316602051;50;3
1;0000670031518;50;3
1;0000262521415;50;3
1;0000060934417;50;1
1;0000743457358;50;1
1;0000679450785;50;3
1;0000471363049;50;2
2;0000201615762;51;3
2;0000385494246;51;3
2;0000596004478;51;3
2;0000743467523;51;2
2;000038572179X;51;2
2;0000262232197;51;1
2;0000312243022;51;3
2;0000345409469;51;1
2;0000262024829;51;2
1;0001579902944;52;3
1;0000345336895;52;1
1;0000471286168;52;1
1;0001586851322;53;1
1;0000684843285;53;1
1;0000061161721;53;2
1;0000471358983;53;3
1;0000743206061;53;1
1;0000385494246;54;1
1;0000446606812;54;3
1;0000471286168;54;3
1;0000130998516;54;2
1;0000471358983;54;3
1;0000471200247;54;3
1;0000201615762;54;3
1;0000060540753;54;1
1;0000782140114;54;1
2;0000324113641;55;1
2;0000156006219;55;1
2;0000609610570;56;3
2;0000312276702;56;2
2;0000312287941;56;3
2;0000805317554;56;2
1;0000072227885;57;2
1;0000684843285;57;2
1;0000385494246;57;2
1;0001880418568;57;1
1;0000140077022;57;3
1;0000061092177;57;3
1;0000440237556;57;3
1;0000743457358;57;1
1;0001558605525;57;1
2;0000743455967;58;3
2;0000316096199;58;3
2;0000446608955;58;3
2;0000072315318;58;1
1;0000385494149;59;3
1;0000061020648;60;3
1;0000735712123;60;1
1;0000517576600;60;2
1;0000865659982;60;3
1;0000743244249;60;2
1;0000312243022;60;3
1;0000060958405;61;1
1;0000373218192;61;3
1;0001558605525;61;1
1;0000609610570;62;2
1;0000312311354;62;1
1;0000201615762;62;2
1;0000425188361;62;1
1;0000060934417;62;2
1;0000471286168;63;3
1;0001565924916;63;2
1;000156158648X;63;1
1;0000446608955;63;1
1;0000061020656;63;2
1;0000316602051;63;1
1;0000399149848;63;2
1;0000072227885;63;2
1;0001590520734;63;3
1;0001561586196;63;3
2;0000679722955;64;1
2;0000385504470;64;2
2;0000156006219;64;3
2;0000471358983;64;1
2;0000262024829;64;3
2;0000061092177;64;2
2;000067976867X;64;1
2;0000393319407;64;3
2;0000743206061;64;2
2;0001579902944;64;1
1;0000072222743;65;2
1;0000345409469;65;2
1;0000609610570;65;3
1;0000517576600;65;3
1;0000471286168;65;2
1;0000373218257;65;3
1;0000743455967;65;1
1;0000375508325;66;3
1;000156158648X;66;1
2;0000471391123;67;2
2;0000072222743;67;2
2;0000743467523;67;3
2;0000130998516;67;1
2;0001561584029;67;1
2;0000671004107;67;1
2;0000072227710;67;1
2;0000324113641;67;1
2;0000394739698;67;3
1;0000373218257;68;3
1;0000262024829;68;2
1;0000060934417;68;1
1;0000393319407;68;2
1;0000061161721;68;3
1;0000375508325;68;1
1;0000130323519;68;3
1;0000072315318;68;3
1;0000471391123;68;1
1;0000072222743;68;2
1;0000471391123;69;2
1;0000385504470;69;3
1;0000375703764;69;3
1;0000072315318;69;3
1;0000596004478;69;1
1;0000684843285;69;1
2;0000060958405;70;2
1;0000385504470;71;2
1;0000446527793;71;3
1;0000738206679;71;3
1;0000596004478;71;2
1;0000735712123;71;1
1;0000471363049;71;2
1;0000972263608;72;1
2;0000140077022;73;3
2;0000743457358;73;1
2;0000517576600;73;3
2;0001586851357;73;3
2;0000061161721;73;3
2;0000156006219;73;1
2;0000735712379;73;2
2;0000316666343;73;1
2;0000393319407;73;1
1;0000201615762;74;1
1;0000072227710;75;2
1;0000345409469;75;1
1;0001590520734;75;2
1;0000373272839;75;3
1;0000805317554;75;3
1;0000130998516;75;1
2;0000385504470;76;1
2;0000061020656;76;2
2;0000316602051;76;3
2;0000471358983;76;3
2;0000316666343;76;3
1;0000471286168;77;2
1;0001561586196;77;3
2;0001586851322;78;1
2;0000060540753;78;3
2;0000446608955;78;1
2;0001565924916;78;1
2;0000373218192;78;2
1;0000061092177;79;1
1;0000399149848;79;2
1;0000061020648;79;3
1;0000385504470;79;2
2;0000262521415;80;3
1;0000373272839;81;1
1;0000373218192;81;1
2;0000385494149;82;2
2;0000072294337;82;1
2;0000373218257;82;3
2;0000782140114;82;2
2;0000471200247;82;2
2;0000072315318;82;3
2;0000060502935;82;3
1;0000072294337;83;2
1;0000743206061;83;3
1;0000471288217;83;1
1;0001590520734;83;2
1;0000142001740;83;3
1;0001561586196;83;3
1;0000156006219;83;2
1;0000679450785;84;1
1;000156158648X;84;1
1;0001579902944;84;1
1;0000060958332;84;1
1;0000072227885;84;3
1;0000061161721;84;2
1;0000972263608;84;2
1;0000312276702;84;2
1;0000345376595;85;3
1;0001861004486;85;1
1;0000142001740;85;2
1;0000735712360;85;2
1;0001579902944;85;3
2;0000609610570;86;3
2;0000471363049;86;3
2;0000440237556;86;1
2;0000972263608;86;1
2;0000385494246;86;1
2;0000471286168;86;2
2;0000324113641;86;1
2;0001586851322;86;3
2;0000316602051;86;1
2;0000670031518;87;3
2;0000393318486;87;1
2;0000060958405;87;3
2;0000316096199;87;1
1;0000735712379;88;3
1;0000375508325;88;2
1;0000156006219;88;3
1;0000738206679;88;3
2;0000471358983;89;2
1;0000782140661;90;3
1;0001565924916;90;3
1;0000262232197;90;1
2;0000735712123;91;3
2;0001565924916;91;2
2;0000743222008;91;3
2;0000446527793;91;1
2;0000375703764;91;3
2;0000130998516;91;2
2;0001579902944;91;3
2;0000072227885;91;3
2;0001561584029;91;3
2;0000061020656;91;2
1;0000471200247;92;1
1;0001590520734;92;2
1;0000743244249;92;3
1;0000262521415;92;2
1;0000345376595;92;2
2;0000345336895;93;2
2;0000743244249;93;2
2;0000385494246;93;1
2;0000373218257;93;3
1;0000399149392;94;1
1;0000399149848;94;1
1;0000140077022;94;1
2;0000425188361;95;2
2;0000072294337;95;3
2;0000743457358;95;2
1;0000156006219;96;1
1;0000312287941;97;3
1;0000072222743;97;1
1;0000393319407;97;3
1;0000066214750;97;2
1;0000471358983;97;1
1;0000262024829;97;1
1;0000787960756;97;3
1;0000156006219;97;3
1;0000312311354;97;1
1;0000345452089;97;3
1;0000446608955;98;1
1;0000743206061;98;3
1;0000393318486;98;1
1;0000072227710;98;2
1;0000060540753;98;2
1;0000743206061;99;1
1;0000684848155;99;3
2;0000446527793;100;1
2;0000385494149;100;3
2;000067463442X;100;1
2;0000743206061;100;1
2;0000743222008;100;3
2;0000743467523;100;3
2;0000517576600;100;2
2;0000156006219;100;1
2;0000596004478;100;3
1;0000321125169;101;2
1;0000471391123;101;1
1;0000345336895;101;2
1;0000787960756;101;2
1;0000394739698;101;2
1;0000684843285;101;1
1;0000071414339;101;3
1;0000743457358;101;3
2;0000060855925;102;2
2;0000142001740;102;2
2;0001861004486;102;3
1;0000399149392;103;3
1;0000375703764;103;2
1;0001586851357;103;3
1;0000312276702;103;3
1;0000743457358;103;2
1;0000805317554;103;2
2;0000865659982;104;3
2;0001561584029;104;3
2;0000061092177;104;1
2;0000471200247;104;2
2;0000385504470;104;2
2;0001565924916;104;3
1;0000140077022;105;1
1;000038572179X;105;2
1;0000738206679;105;1
1;0000312287941;105;2
1;0000471200247;105;2
1;0000782140661;105;3
1;0000060855925;105;3
1;0000324107501;105;3
1;0001579902944;105;1
1;0000671004107;106;2
1;0000684848155;106;2
1;0000324107501;106;3
1;0000679450785;106;1
2;0000446606812;107;2
2;0000393319407;107;2
2;0000684843285;107;2
2;0000735713170;107;2
2;0000072227885;107;2
2;0000743222008;107;1
2;0000805317554;107;2
2;0000743244249;108;1
2;0000060958405;108;1
2;0000316666343;108;3
2;0001586851357;109;2
2;0000324107501;109;1
2;0000738206679;109;2
2;0000345376595;109;2
2;0000743222008;109;2
2;0000671004107;109;1
2;0000066214750;109;3
2;0001565924916;109;2
1;0000446527793;110;3
1;0000670031518;110;2
1;0000316602051;110;1
1;0001579902944;110;2
2;0001565924916;111;3
2;0000743467523;111;2
2;0001586851357;111;2
2;0000060540753;111;3
2;0000471200247;111;1
2;000038572179X;111;1
2;0000373218257;111;1
2;0000735712360;112;2
2;0000782140661;112;3
2;0001561584029;112;2
2;0001558606432;112;2
2;0000743206061;113;2
2;0000262024829;113;1
2;0000316666343;113;3
2;000067463442X;113;1
2;0000385494149;113;1
2;0001565924916;113;3
2;0001561584029;113;1
2;0000130998516;113;3
1;0000072294337;114;1
1;0000679722955;115;3
1;0000262521415;115;2
1;0000321125169;115;3
1;0000679450785;115;1
1;0000061020648;115;3
1;0000060958332;115;1
1;000067463442X;115;3
1;0000743457358;116;1
1;0000324113641;117;3
1;0001861004486;117;3
1;0000440237556;117;1
1;0000345336895;117;3
1;0000805317554;117;2
1;0000743457358;117;2
1;0000735712360;117;3
1;0000743467523;117;3
1;0000373218192;117;1
2;0000060540753;118;3
2;0000060855925;118;1
2;0000684843285;118;2
2;0001880418568;118;3
2;0000071414339;119;2
2;0000375508325;119;2
2;0001561584029;119;2
2;0000385504470;119;2
2;0000060502935;119;3
1;0000060855925;120;1
1;000038572179X;120;3
1;0000312276702;120;3
1;0000071414339;120;3
2;0000471286168;121;2
2;0000312276702;121;1
2;0000385494327;122;3
2;0001579550088;122;2
2;0000399149392;122;2
2;0000072222743;122;1
2;0000373218257;123;3
2;0000394739698;123;1
2;0000385494327;123;3
2;0000782140661;123;2
2;0000684843285;123;2
2;0001579902944;123;1
2;0000517576600;123;2
1;0000130323519;124;2
1;0000066214750;124;2
1;0000312311354;124;1
1;0000743455967;124;2
1;0000201615762;124;1
1;0000679722955;124;1
1;0001586851357;125;2
1;0000060502935;125;1
1;0000142001740;125;2
1;0000738206679;125;3
1;0000345376595;125;2
1;0000373218192;125;1
1;0000471286168;125;1
1;0001565924916;125;3
1;0000385494149;125;3
1;0000321125169;126;1
2;0000446608955;127;2
2;0000321125169;127;3
2;0000743206061;127;1
2;0000972263608;127;3
2;0001558605525;127;3
1;0000865659982;128;1
1;0000385494327;128;3
1;0001558605525;128;2
1;0000060502935;128;1
1;0000743455967;128;3
1;0000471391123;128;3
1;0001565924916;129;2
1;0000743244249;129;3
1;0000471391123;129;3
1;0000072227710;129;1
1;0000393318486;129;2
1;0001579902944;129;1
1;0000440237556;129;1
1;0001880418568;129;1
1;0000201615762;130;3
1;0000735713170;130;2
1;0001586851322;130;1
1;0000471358983;130;3
1;0000066214750;130;2
1;0000517576600;130;2
1;0000394739698;130;1
1;0000321125169;130;1
1;0000345409469;130;3
1;0000393318486;130;2
2;0000782140114;131;2
2;0000130998516;131;3
2;0000972263608;131;1
2;0000446608955;131;3
2;0000061020656;131;1
2;0000609610570;131;2
2;0001558605525;131;3
2;0000670031518;131;2
2;0000782140661;131;2
2;0000679450785;132;2
2;0000316096199;132;2
2;0000446527793;132;1
2;0000471358983;132;3
2;0000373272839;132;1
2;0000385494149;132;3
2;0001561586196;133;3
2;0000373218257;133;3
2;0000072315318;133;3
2;0000061020656;133;1
2;0000805317554;134;1
2;0000471358983;134;2
2;0000060934417;134;2
2;0000440237556;134;2
2;0000385494327;135;3
2;0000670031518;135;2
2;0000373218257;135;1
2;0000060958332;135;2
2;0000743457358;136;3
2;0000201615762;136;3
1;0000805317554;137;1
1;0000060540753;137;3
1;0000312276702;137;1
1;0000782140661;137;3
1;0000321125169;138;1
1;0000735712123;138;2
1;0000425188361;138;1
1;0000393319407;138;3
2;0000312276702;139;1
2;0001561584029;140;3
2;0000072294337;140;3
2;0000471358983;140;2
2;0000609610570;140;2
2;0000061161721;140;3
2;000156158648X;141;1
2;0000743206061;141;2
1;0000425188361;142;2
1;0000201615762;142;3
1;0000385494246;143;1
1;0000060855925;143;2
1;0001586851357;143;1
1;0000321125169;143;1
1;0000156006219;143;1
1;0000316096199;143;1
1;0000471363049;143;3
2;000067976867X;144;2
2;0000316096199;144;1
2;0000517576600;144;3
2;0000399149392;144;2
2;0001558605525;144;1
2;0000060855925;144;1
2;0000060502935;144;1
2;0001880418568;144;3
2;0000345336895;144;1
2;0000375703764;144;3
2;0000262521415;145;3
2;0000072227885;145;1
1;0000385494149;146;2
1;0000684848155;146;2
1;0000865659982;146;2
1;0000446527793;146;2
1;0000743467523;146;1
1;0000316096199;146;1
1;0001561584029;147;1
1;0001558605525;147;3
1;0000471200247;147;3
1;0000471363049;147;3
1;0000345452089;147;3
1;0000471288217;147;1
1;000156158648X;147;2
1;0000743222008;147;1
1;0000262024829;147;2
1;0000071414339;148;3
1;0001590520734;148;2
1;0000743455967;148;1
1;0000324107501;148;3
1;0000060540753;148;3
1;0000060934417;148;2
1;0000609610570;148;2
1;0000517576600;148;3
1;0000609610570;149;3
1;0000324107501;150;3
1;0000865659982;150;1
1;0000446527793;150;1
1;0000972263608;150;1
1;0000805317554;150;2
1;0000596004478;150;2
1;0000385494246;150;1
1;0000670031518;150;3
2;0001861004486;151;3
2;0001561584029;151;1
2;0000385504470;151;2
2;0000609610570;151;2
2;0000787960756;151;2
2;0000345452089;151;2
2;000038572179X;151;1
2;0000735712360;151;2
2;0000312311354;151;2
1;0000399149392;152;3
1;0000072315318;152;1
1;0000375703764;152;1
1;0000394739698;152;2
2;0000670031518;153;2
2;0000684848155;153;3
2;0000393319407;153;3
2;0000130998516;153;3
2;000067463442X;153;2
2;0000738206679;154;1
2;0001880418568;154;2
2;0001586851357;154;1
2;0000321125169;154;2
1;0000446676098;155;3
1;000067463442X;155;3
1;0000782140661;155;3
1;0000060958332;155;3
1;0000446606812;155;1
1;000067976867X;155;1
2;0000394739698;156;2
2;0000399149848;156;3
2;0000393318486;156;2
2;0000375703764;157;1
2;0000345452089;157;3
2;0000471286168;157;3
2;0001579902944;157;2
2;0000735712123;157;2
2;0000385494149;157;1
1;0000262521415;158;3
1;0000066214750;158;3
1;0000142001740;158;2
1;0000385504470;158;1
2;0000399149392;159;1
2;0000609610570;159;3
2;0001586851357;160;3
2;0000399149848;160;3
2;0000312287941;160;1
2;0000345409469;160;3
2;0000471391123;160;3
2;0001565924916;160;3
2;0000373218257;160;3
2;0000743206061;160;1
2;0000312276702;160;2
2;0000156006219;160;1
2;000156158648X;161;3
2;0000782140114;161;2
2;0001558606432;161;2
2;0000324107501;161;1
1;0000156006219;162;3
1;0000061092177;162;1
1;0000471391123;162;3
1;0000262024829;163;3
1;0000060934417;163;3
1;0001586851322;163;3
1;0000440237556;163;3
1;0000743455967;163;2
1;0000324113641;163;1
1;0000743206061;163;1
2;0001561586196;164;2
2;0000743455967;164;1
2;0000517576600;164;2
2;0000262024829;164;3
2;0000787960756;164;2
2;0000446606812;164;3
2;0000684843285;164;3
2;0000373272839;164;2
2;0000312243022;164;2
2;0000743222008;164;3
2;0000324107501;165;3
2;0000140077022;165;3
2;0000060540753;165;2
2;0000782140661;165;2
2;0000324113641;165;1
2;0000312276702;165;2
2;0000385494327;165;3
2;0000394739698;165;2
2;0000373272839;165;1
2;0000375703764;166;1
2;0000375508325;166;1
2;0000670031518;166;1
1;0000345336895;167;1
1;0000787960756;167;1
1;0000743222008;167;1
1;0000446676098;167;2
2;0000373272839;168;2
2;0000446676098;168;2
2;0000670031518;168;1
2;0000373218257;168;1
2;0000743206061;168;2
2;0000060934417;168;2
2;0000061020656;168;3
2;0000972263608;168;3
2;0001558606432;168;1
2;0000471200247;169;1
2;0000072222743;169;3
2;0000262232197;169;1
2;0000060958332;169;1
2;0000471391123;169;2
2;0000743467523;169;3
2;0000321125169;169;2
2;0000071414339;169;3
2;0000072294337;169;3
2;0000393318486;170;3
2;0000373218192;170;3
2;0001590520734;170;3
2;0000324107501;170;2
2;0000684848155;170;1
2;0000072294337;171;2
2;0000345409469;171;3
2;0000684843285;171;3
2;0000425188361;171;1
2;0000061020656;171;1
2;0000743222008;171;1
2;0000385494246;171;2
1;0000373218257;172;3
1;0000072294337;172;1
1;0000060958332;172;1
1;0000787960756;172;2
1;0000446606812;172;1
2;0000312243022;173;1
2;0000865659982;173;2
2;0000345376595;173;2
2;0000373272839;173;3
1;0000316666343;174;1
1;0000517576600;174;2
1;0000060502935;175;2
1;0000735713170;175;1
1;0000373218257;175;1
2;0000324113641;176;1
2;0000373272839;176;2
2;0000072227885;176;1
2;0000738206679;176;2
2;0000596004478;177;2
2;0000060502935;177;3
2;0000201615762;177;2
1;0000596004478;178;3
1;0001558605525;178;1
1;0000743222008;178;1
1;0000312243022;178;3
1;0000385494327;179;2
1;0000140077022;179;3
1;0000679450785;179;3
1;0000609610570;179;3
1;0001880418568;179;2
1;0000373272839;180;1
1;000067463442X;180;1
1;0000738206679;180;1
1;0000373218192;180;2
1;0000446676098;180;1
1;0000142001740;180;1
1;0000140077022;181;3
1;0000061020656;181;1
2;0000072315318;182;1
2;0000061020656;182;2
1;0000071414339;183;2
1;0000061020648;183;1
1;0000735712123;183;3
2;0000596004478;184;3
2;0000684843285;184;1
2;0000321125169;184;2
2;0000425188361;184;3
2;0000735712123;184;1
2;000067463442X;184;1
1;0000385494149;185;1
1;0000316666343;185;3
2;0000066214750;186;3
2;0000072294337;186;3
2;0000060502935;186;3
2;0000805317554;186;3
2;0000060934417;186;3
2;0000743222008;187;2
2;0000262024829;187;2
2;0001586851357;187;1
2;0001586851322;187;3
2;0000373272839;188;2
2;0001561584029;189;3
2;0000130323519;189;2
2;0000471286168;189;1
2;0000743467523;189;1
2;0000385494327;189;2
2;000067463442X;189;3
1;0000262521415;190;3
1;0000345376595;190;2
1;0000312311354;191;2
2;0000060934417;192;3
2;0000060540753;192;1
1;0000312287941;193;2
1;0000782140661;194;3
1;0000324107501;194;2
1;0000782140114;194;2
1;0000324113641;194;1
1;0000345376595;194;1
1;0000312243022;194;1
1;0000735712379;194;1
1;0000385504470;194;2
1;0000375703764;194;1
1;0001586851357;194;1
1;0000684848155;195;3
2;0000072227885;196;1
2;0000385494327;196;1
2;0000373218257;196;1
2;0001579550088;196;1
2;0000743455967;196;2
2;0000061161721;196;2
2;0000805317554;196;2
1;0000130323519;197;1
1;0000865659982;197;2
1;0000345336895;197;1
1;0000446608955;197;1
2;0000375703764;198;2
2;0000609610570;198;1
2;0000471288217;198;1
2;0000373272839;198;2
2;0000061161721;198;3
2;0000671004107;198;1
2;0000399149392;198;1
2;0000385494327;198;2
2;0000262232197;198;3
2;0000805317554;198;1
1;0000324113641;199;1
1;0000609610570;199;1
1;0000743455967;199;2
1;0000385494246;199;1
1;0000312287941;199;1
1;0000471200247;199;3
1;0000385494327;199;1
1;0000061020656;199;2
2;0000440237556;200;3
2;0000684848155;200;2
2;0000679722955;200;1
2;000067976867X;200;1
2;000156158648X;200;1
2;0001561584029;200;1
2;0000743244249;200;3
2;0001561586196;200;2
2;0000316602051;200;2
1;0000385494246;201;2
1;0001579902944;201;2
1;0000743222008;201;2
1;000067976867X;202;2
1;0000735712379;202;1
1;0000316096199;202;1
1;0000735713170;202;3
1;0001558606432;202;2
1;0000373218257;203;2
1;0000393319407;203;1
1;0000072294337;203;3
1;0000345376595;203;2
1;0000670031518;203;2
1;0000066214750;203;2
1;0001565924916;203;3
1;0000072227885;203;2
2;0000061092177;204;2
2;0000684843285;204;2
2;0000446676098;204;3
2;0000787960756;204;1
2;0000373218192;204;3
1;0000072227885;205;2
1;0000345336895;205;2
1;0000972263608;205;1
2;0000373218192;206;1
2;0000735712379;206;1
2;0000596004478;206;3
2;0000735712360;206;1
2;0000399149392;206;3
2;000067976867X;206;2
1;0000312287941;207;1
1;0000060958405;207;3
1;0000201615762;207;3
2;0000312276702;208;2
2;000067976867X;208;2
2;0001861004486;208;1
2;0001561584029;208;2
2;0000446606812;208;1
2;0000061092177;208;2
2;0000425188361;208;1
1;0000140077022;209;1
1;0000262024829;209;2
1;0000262521415;209;3
1;0000679722955;209;3
1;0000394739698;210;2
1;0000735713170;210;2
1;0000072227885;210;2
1;0001561584029;210;2
1;0000517576600;210;3
1;0000345376595;210;3
1;0000609610570;210;1
1;0000385494246;210;3
1;0000262232197;210;2
2;0000972263608;211;2
2;0000596004478;211;1
2;0001586851357;211;3
2;0000385494149;211;2
1;0001565924916;212;3
1;0000345452089;212;1
1;0000061092177;212;3
1;0000375508325;212;2
1;0000787960756;212;3
1;0000060502935;212;2
1;0000394739698;213;3
1;0000072315318;213;2
1;0001558606432;213;3
1;0000312287941;213;1
1;0000743244249;213;2
1;0001861004486;213;3
1;0000324113641;213;1
1;0000671004107;214;1
1;0000743455967;214;3
1;0000684848155;214;3
1;0000385494246;214;2
1;0001558606432;214;3
1;0000345409469;214;3
1;0000972263608;214;1
1;0000060934417;214;1
1;0001565924916;214;2
2;0000130998516;215;3
2;0000324107501;215;3
2;0000375508325;215;3
2;0000471288217;215;2
2;0000743222008;215;1
2;0000312243022;215;1
2;0001586851322;215;2
2;0000142001740;215;3
2;0000316666343;216;1
2;0000446608955;216;1
2;0000517576600;216;3
2;0000440237556;216;1
2;0001579550088;216;3
2;0000972263608;216;3
2;0001586851322;216;1
2;0000060540753;216;1
2;0000324107501;217;2
2;0000375703764;217;2
2;0000373218257;217;1
1;0000743467523;218;3
1;0000324107501;218;1
1;0000130323519;218;2
1;0000373272839;218;3
1;0000743206061;218;3
2;0000060502935;219;1
2;0000735712379;219;3
2;0000071414339;219;2
2;0000316602051;219;2
2;0000684848155;219;1
2;0000201615762;219;2
2;0000446676098;219;1
2;0000471286168;219;1
1;0000072222743;220;1
1;0000471358983;221;3
1;0000782140661;221;1
1;0000130998516;221;1
1;0000262232197;222;1
1;0000399149392;222;1
1;0001579550088;222;2
1;0000066214750;222;1
2;0000072222743;223;3
2;0000471391123;223;2
2;0000373272839;223;1
2;0000743455967;223;3
2;0000609610570;223;2
2;0000735712379;223;2
2;0000312243022;223;3
2;0000972263608;223;2
2;0000394739698;223;3
2;0000312311354;223;3
1;0000735712123;224;3
1;0000324113641;224;2
1;0000671004107;224;1
1;0000743206061;224;1
2;0000375508325;225;1
2;0000471200247;225;1
2;0000061092177;225;1
2;0000471358983;225;2
2;0000743244249;226;2
2;0000345409469;226;3
2;0000471200247;226;3
2;0000375703764;226;2
2;0000072227885;226;2
2;0000517576600;227;3
1;0000071414339;228;2
1;0000345452089;228;1
2;0000735713170;229;1
2;0000312276702;229;3
2;0000066214750;229;2
2;0000060502935;230;1
2;0000743467523;230;2
2;0000385504470;230;2
2;0001558605525;230;1
2;0000782140114;230;2
2;0000061020656;230;1
2;0000787960756;230;3
2;0000684848155;230;3
1;0001586851357;231;3
1;0000440237556;231;1
1;0000130323519;231;2
1;0000060958332;231;2
1;0000679450785;231;2
1;0000072315318;231;2
1;0000679722955;231;3
1;0000262232197;231;3
1;0000060855925;231;2
1;0000684843285;231;3
1;0000072315318;232;1
1;0000517576600;232;1
1;0000471286168;232;3
1;0000393319407;232;3
1;0000324107501;232;2
2;0000060958405;233;2
2;0000394739698;233;3
2;0000972263608;233;3
2;0000324107501;233;3
2;0000805317554;233;2
2;0000743244249;234;2
2;0000140077022;234;1
2;0000375703764;234;3
2;0000201615762;235;1
2;0000399149392;235;2
2;0001579902944;235;1
2;0000743244249;235;1
1;0000399149848;236;3
1;0000787960756;236;2
1;0000375703764;236;3
1;0000140077022;236;2
1;0000061161721;236;3
1;0000471391123;236;2
1;0000679450785;237;2
2;0001579550088;238;2
2;0001586851357;238;2
2;0000399149392;238;1
2;0001561586196;238;3
2;0000471363049;238;3
2;0001579902944;238;3
2;0000060502935;239;3
2;0000385494149;239;2
1;0001586851357;240;1
1;0000735713170;240;3
1;0000684843285;240;2
1;0000743455967;240;2
1;0000373218257;240;3
1;0000393319407;240;2
1;0000471358983;240;2
1;0000385494246;240;2
1;0000060540753;240;3
1;0000735712379;240;2
1;0001861004486;241;2
1;0000061020648;241;2
1;0000373272839;241;1
1;0000071414339;242;1
1;0000060958405;242;1
1;0000609610570;242;3
1;0000201615762;242;2
1;0001579902944;242;3
1;0000345376595;242;1
2;0000072222743;243;3
2;0000060502935;243;3
1;0000142001740;244;1
1;0000471286168;244;1
1;0000671004107;244;2
2;0000471391123;245;1
2;0000446608955;245;2
2;0000743244249;245;3
2;0000321125169;246;2
2;0000345336895;246;2
2;0000393319407;246;3
2;0000072222743;246;3
2;000067976867X;246;2
2;0001565924916;246;2
2;0001586851357;246;2
2;0000782140114;246;2
2;0000399149848;246;1
1;0001579902944;247;3
1;0000061020656;247;2
1;0000060540753;247;2
1;0000684848155;247;2
1;0000738206679;247;2
1;0000446527793;247;3
1;0000596004478;247;3
1;0000440237556;247;3
1;0000130323519;247;1
1;0000321125169;247;3
1;0000324107501;248;2
2;0000385494149;249;1
2;0000972263608;249;1
2;0000316602051;250;1
2;0000735712360;250;2
2;0000782140661;250;1
2;0000375508325;250;2
2;0000670031518;250;2
2;0000060958405;250;2
2;0000345376595;250;1
2;0000671004107;250;1
2;0000312287941;250;1
2;0000735712379;251;3
2;0001565924916;251;1
2;000067463442X;251;3
2;0000738206679;251;1
2;0000471391123;251;3
2;0000743222008;251;1
2;0000385504470;251;2
2;0000743244249;251;1
2;0001561584029;251;1
2;0000782140661;251;2
2;0000312311354;252;2
2;0000373272839;252;3
2;0000671004107;252;1
1;0000373218192;253;1
1;0000262521415;253;1
1;0000312243022;253;2
1;0000743206061;253;2
1;0000324113641;253;1
1;0000345452089;253;2
1;0000596004478;253;2
1;0000385494149;253;3
1;0000345376595;253;2
2;0000262232197;254;3
2;0000072222743;254;3
2;0000060934417;254;3
2;0000446606812;254;2
2;0000385504470;254;1
2;0001579902944;254;2
2;000156158648X;254;1
2;0000061092177;255;1
2;0000446527793;255;3
2;0000865659982;255;1
2;0000345336895;255;1
1;0000865659982;256;1
1;0000072222743;256;3
1;0000130998516;256;1
1;0000385494246;256;3
1;0000471358983;256;2
2;0000060855925;257;1
2;0000393318486;257;3
2;0000684843285;257;1
2;0000072227710;257;1
2;0000130998516;258;1
2;0000596004478;258;3
2;0000679722955;259;1
1;0000385494327;260;3
1;0000142001740;260;1
1;0000385494149;260;1
1;0000399149392;261;1
1;0000782140114;261;2
1;0000262521415;261;3
1;0000743206061;262;1
1;0000321125169;262;2
1;0000596004478;262;2
1;0000782140661;262;1
1;0000072227710;262;2
1;0000399149848;262;2
1;0000262024829;262;2
1;0001586851322;262;2
1;0000312243022;262;3
2;000156158648X;263;1
2;0000471288217;263;2
1;0000471363049;264;1
2;0000061020648;265;2
2;0000782140114;265;3
2;0001590520734;265;2
2;0000373272839;265;1
2;0000060540753;265;3
2;0000316602051;265;3
2;0000425188361;265;2
2;0000399149848;265;1
2;0000738206679;265;3
2;0000375703764;265;3
2;0000471286168;266;2
2;0000743455967;266;1
2;0000385494246;266;3
2;0000345376595;267;2
2;0000425188361;267;3
2;0000262232197;267;2
2;0001565924916;267;1
2;0000345409469;267;1
2;000038572179X;267;2
2;0000471288217;267;2
2;0000787960756;267;2
2;0000316602051;267;3
1;0000684843285;268;1
1;0000060540753;268;2
1;0000471288217;268;3
1;0000061161721;268;3
1;0000373218192;268;2
2;000038572179X;269;1
2;0000735712360;269;1
2;0000316666343;269;1
2;0000471391123;269;2
2;0000743467523;269;3
2;0000446527793;270;1
2;0000312311354;270;2
2;000156158648X;270;3
2;0001565924916;270;3
1;0001586851357;271;1
1;0000596004478;271;3
1;0000061161721;271;3
1;000067976867X;272;2
1;0000324107501;272;3
1;0000201615762;272;1
1;0000743244249;272;2
1;0000316602051;272;2
1;0000399149848;272;1
1;0000679722955;272;1
1;0000061161721;273;3
1;0000399149392;273;1
1;0000385494246;273;2
1;0000071414339;273;1
2;0000738206679;274;1
1;0000324113641;275;3
1;0000393318486;275;2
1;0000517576600;275;3
1;0000425188361;275;1
1;0001586851322;275;3
2;0001579902944;276;1
2;0000782140661;276;3
1;0000312287941;277;2
1;0000321125169;277;1
1;0000060855925;277;1
1;0000684843285;277;1
1;0000743457358;277;2
1;0000679722955;277;2
1;0000735713170;277;3
1;0000743467523;278;1
1;000067463442X;278;1
1;0000140077022;278;2
1;0000312276702;278;2
1;0000471358983;278;2
1;0000743457358;278;2
1;0000060855925;278;1
1;0000060502935;278;1
1;0000735712123;278;3
1;0000345409469;278;1
2;0001590520734;279;3
2;0000596004478;279;1
2;0000385494246;279;2
2;0001561586196;279;3
2;0000471200247;280;2
2;0000596004478;280;3
2;0000440237556;280;2
2;0001558605525;280;3
1;0001586851357;281;1
1;0001558606432;281;3
2;0000865659982;282;2
2;0000060855925;282;3
2;0000321125169;282;3
2;0000061161721;282;3
2;000067976867X;282;1
2;0000312311354;282;3
2;0000471286168;283;1
2;0000156006219;283;3
1;0000865659982;284;1
1;0000393318486;284;1
1;0000066214750;284;1
1;0000385504470;284;3
1;0000805317554;284;2
2;0001561584029;285;2
1;0000072227710;286;3
1;0000743455967;286;2
1;0000735712360;286;1
1;0000324113641;286;3
1;0000385494246;286;2
2;0000316666343;287;2
2;0000375703764;287;3
2;0001586851357;287;1
2;000038572179X;287;2
2;0000071414339;287;3
2;0000060958405;287;1
1;0000385504470;288;3
2;0000446527793;289;1
2;0000156006219;289;2
2;0000738206679;289;2
2;0000316602051;290;3
2;000038572179X;290;2
2;0000061092177;290;3
2;0000393318486;290;1
2;0000440237556;290;3
2;0000446608955;290;1
2;0000596004478;291;3
2;0000345336895;291;3
2;0000375703764;291;1
2;0000471200247;291;2
2;0000399149848;291;3
2;0000446527793;291;2
2;0000321125169;291;2
2;0000060540753;292;2
2;0000393319407;292;2
2;0000743222008;293;1
2;0000735712360;293;3
2;0000670031518;293;3
2;0000865659982;293;1
2;0000385504470;293;2
2;0000517576600;293;2
2;0000385494327;294;2
2;0000066214750;294;1
2;0001586851322;294;1
2;0000609610570;294;1
2;000067463442X;294;1
2;0001861004486;294;1
2;0000670031518;294;3
2;0000072315318;294;1
2;0000061092177;294;2
1;0000324113641;295;3
1;0000679450785;295;1
1;0001558606432;295;3
1;0000446676098;296;3
1;0000782140661;296;2
1;0000679722955;296;2
1;0000393318486;296;2
1;0000684843285;296;2
1;0000061161721;296;2
2;0000446676098;297;1
2;0000373272839;297;2
2;0000345409469;297;1
2;0000312311354;297;2
2;0001579550088;297;3
1;0000321125169;298;3
1;0000743222008;298;3
1;0000596004478;298;3
1;0000517576600;298;3
1;0000805317554;298;1
1;0000471363049;298;2
1;0001558605525;298;1
1;0000684848155;298;1
1;0000446606812;299;1
1;0000446608955;299;3
1;0000782140114;299;2
1;0000393319407;299;3
1;0000393318486;299;2
1;0000743244249;299;3
1;0001861004486;299;2
1;0001579902944;299;1
1;0001558606432;299;1
1;0001558605525;299;1
2;0000072294337;300;1
2;0000140077022;300;1
2;0000156006219;300;2
1;0000393319407;301;3
1;0001880418568;301;2
1;0000061092177;302;1
1;0000324113641;302;3
1;0000373218192;302;3
1;0000061020648;302;3
1;0000385494149;303;1
1;0000787960756;303;3
1;0000061161721;303;2
1;0000596004478;303;1
1;0000679450785;303;3
1;0000066214750;303;2
1;0000735712123;303;3
1;0000394739698;303;1
1;0000061020648;303;1
1;0000262024829;304;3
1;0000316666343;304;3
1;0000670031518;304;1
1;0000743244249;304;3
1;0000312311354;304;2
1;0000446608955;304;2
1;0001561586196;304;1
1;000156158648X;304;1
1;0001565924916;304;2
2;0000072227710;305;2
2;000067463442X;305;1
2;0000060934417;305;3
2;0000312276702;305;3
2;0000738206679;305;2
2;0001565924916;305;1
2;0000324113641;305;1
2;0000440237556;305;3
2;0000201615762;305;2
1;0000679450785;306;2
2;0000735712123;307;3
2;0000262232197;307;1
2;0000385494246;307;2
2;0001880418568;307;1
1;0000399149392;308;3
1;0000345336895;308;2
1;0000375703764;308;3
1;0000262521415;308;2
1;0000393319407;308;3
1;0000373218257;308;1
1;0001590520734;308;3
1;0000782140114;308;1
2;0000061020656;309;3
2;0000345452089;309;3
2;000067463442X;309;1
2;0000312287941;310;1
2;0000072294337;310;1
2;0000735712123;310;1
2;0000471200247;310;2
2;0000071414339;310;2
2;0000385494149;310;3
2;0000743206061;310;3
2;0001880418568;310;3
1;0000471286168;311;3
1;0000345336895;311;3
1;0000471358983;311;1
1;0000679722955;311;2
1;0000446676098;311;1
1;0000072315318;312;1
1;0000684848155;312;3
1;0000743244249;312;3
1;0000066214750;312;3
1;0000060502935;312;1
1;0000471288217;313;2
1;0000743244249;313;1
1;0001579902944;313;2
1;0000385494327;313;3
1;0000743455967;313;3
1;0000060502935;313;2
1;0000446676098;313;1
1;0000393319407;313;3
1;0000324107501;313;2
2;000067463442X;314;2
2;0000345409469;314;2
2;0000471286168;314;2
2;0000066214750;315;2
2;0000373218257;315;1
1;0000738206679;316;1
1;0001590520734;317;2
1;0000061020648;317;1
1;0000072227885;317;1
1;0000312287941;317;1
1;0000446527793;317;2
1;000038572179X;317;1
2;0000061092177;318;1
2;0000316666343;318;1
2;0000393318486;318;1
2;0001565924916;318;2
2;0000735713170;319;2
2;0000345452089;319;1
2;0000316666343;319;2
2;0000061020648;319;1
2;0000375703764;319;3
2;0000373218192;320;1
2;0000060958332;320;3
2;0000373218257;320;2
2;0000061161721;320;1
2;0000072315318;320;1
2;0000373272839;320;3
2;0000262521415;320;2
2;0000385504470;320;3
2;0000066214750;321;1
2;0001561584029;321;2
2;0000735712379;321;2
1;0000440237556;322;1
1;0000345409469;322;2
1;0000130998516;322;2
1;0000375703764;322;2
1;0000060958405;322;2
1;0000321125169;322;2
1;0000517576600;322;2
1;0001590520734;322;1
1;0000446608955;322;3
1;0000071414339;322;3
2;0000393318486;323;1
2;0001590520734;323;3
2;0000156006219;323;2
2;0000471391123;324;3
2;0000373218257;324;3
2;0001586851322;324;2
2;0000399149392;324;3
2;0000670031518;324;2
2;0000446606812;324;2
1;0000609610570;325;1
1;0000072222743;325;3
1;0000684843285;325;3
1;000067463442X;325;1
1;0000679450785;325;2
1;0000440237556;325;3
1;0000670031518;325;2
1;0000805317554;325;1
1;0000066214750;325;3
1;0000471358983;325;3
2;0000345376595;326;3
2;0000156006219;326;3
2;0000743222008;326;3
2;000156158648X;326;3
2;0000743467523;326;2
2;0000060958405;326;2
2;0001579902944;326;1
2;0000684848155;326;2
1;0001565924916;327;2
1;0001561586196;327;1
2;0000312311354;328;1
2;0000345452089;328;1
2;0000262521415;328;1
2;0000865659982;328;3
2;0000140077022;328;1
2;0000060540753;328;2
2;000156158648X;329;2
2;000067976867X;329;3
2;0000609610570;329;1
2;0000471363049;329;3
2;0000140077022;329;2
2;000067463442X;329;3
2;0000060958405;330;2
2;0000373218192;330;2
2;0000399149392;330;2
2;0000061092177;330;2
1;0000393319407;331;1
1;0000262232197;331;1
2;0000743244249;332;3
2;0000324113641;332;1
2;0000446608955;332;2
2;0000743467523;332;2
2;0000805317554;332;1
2;0000471358983;332;1
2;0000394739698;332;2
2;0000324113641;333;1
2;0000743222008;333;2
2;0000312243022;333;2
2;0000072227710;333;2
2;0000316096199;333;2
2;0000743244249;333;2
2;0000312287941;334;2
2;0000262024829;334;1
2;0000130998516;334;1
2;0001586851357;334;1
2;0000446606812;334;1
2;0000316602051;334;1
2;0000805317554;334;2
2;0000072222743;334;2
2;0000071414339;334;2
1;0000345376595;335;3
1;0000471358983;335;3
1;0000471288217;335;2
1;0000393318486;335;1
1;0000201615762;335;3
1;0000072294337;335;1
1;0000440237556;335;3
1;0000735712360;335;3
1;0000373272839;335;3
2;0000440237556;336;3
2;0000312287941;336;3
2;0001558606432;336;2
2;0000373218192;336;1
2;0000471288217;336;3
2;0000425188361;336;2
2;0000316096199;336;1
2;0000735712379;336;1
1;0000071414339;337;1
1;0001586851357;337;2
1;0000262521415;337;3
1;0000385494246;337;2
1;0000262024829;337;3
1;0000345336895;337;2
1;0000201615762;337;1
1;0000060958405;337;1
1;0000312276702;338;2
1;0000345409469;338;1
1;0000782140114;338;1
1;0000471358983;338;1
1;0000385494327;338;1
1;0000738206679;338;1
1;0000201615762;338;3
1;0000156006219;338;3
1;0000060958405;338;3
1;0000262232197;339;1
2;0000060958405;340;1
2;0000805317554;340;1
2;0001558606432;340;3
2;0000312243022;340;2
1;0000399149392;341;3
1;0000471358983;341;1
1;0000072222743;341;3
1;0000345376595;341;3
1;0000142001740;341;3
1;0000262024829;341;2
1;0000743467523;341;3
1;0000440237556;341;3
1;0000393318486;341;2
1;0000865659982;342;1
1;0000679722955;342;2
1;0000517576600;342;2
1;0000471286168;342;2
1;0000061020656;343;3
1;0000375703764;343;2
1;0000312243022;343;2
1;0001558606432;344;2
1;0000066214750;344;3
1;0000440237556;344;2
1;0000393318486;344;1
1;0000394739698;344;3
1;0000072315318;344;1
1;0000782140114;345;1
1;0000385504470;345;3
1;0000312243022;345;2
1;0000735712123;345;3
1;0000517576600;345;2
1;0000373218257;345;1
2;0001579902944;346;2
2;0000471363049;346;2
2;0000399149848;346;3
2;0000425188361;346;3
2;0000446676098;346;1
2;0000312276702;346;2
2;0000130998516;346;3
2;0000735712379;346;3
2;0000743206061;346;3
2;0000471391123;346;3
1;0000061092177;347;3
1;0001565924916;347;3
1;0000425188361;347;1
1;0000312276702;347;1
1;0000743244249;347;2
1;0000060958405;348;1
1;0000471363049;348;2
1;0000312276702;348;2
1;0000345376595;348;2
1;0000316096199;348;2
1;0000385504470;348;1
1;0000201615762;348;1
2;0001579550088;349;3
2;0000060934417;349;3
2;0001861004486;349;2
2;0000446527793;349;1
2;0000316666343;349;2
2;0000060540753;349;3
2;000067463442X;349;2
2;0000735712123;349;2
2;000067976867X;350;3
2;0000061020656;351;3
2;0000471391123;351;3
2;0000316096199;351;3
2;0000743206061;351;3
2;0000782140114;351;1
2;0000446608955;351;2
2;0000679722955;351;2
2;0001561586196;351;3
2;0000684848155;351;2
1;0000385494149;352;1
1;0000399149392;352;1
1;0000393318486;352;2
1;0001880418568;352;1
1;0000142001740;352;3
1;0000324107501;352;2
1;0001565924916;353;1
1;0001586851357;353;2
1;0000072222743;353;3
1;0000061020648;353;1
1;0000743467523;354;3
1;0000399149848;354;2
1;0000471363049;354;2
1;0001579550088;354;2
1;0001861004486;354;2
1;0000385494327;355;2
1;0000394739698;355;2
1;0000373272839;355;3
1;0000316602051;355;3
1;0000679722955;355;1
1;0001579902944;355;3
1;0000805317554;355;1
1;0000321125169;355;2
1;0000743457358;355;2
1;0000060958332;355;1
2;0000072227710;356;1
2;0000743467523;356;2
2;0000262024829;356;1
2;0000324107501;356;1
2;0000316666343;356;3
2;0000312243022;356;1
2;0001579902944;356;3
2;0000061020648;356;2
1;0000471288217;357;3
1;0000471363049;357;3
1;0000375703764;357;1
1;0000373218257;357;2
1;0000316096199;357;2
1;0000446527793;357;2
1;0001561586196;357;3
1;0000471358983;357;3
1;0000060855925;357;2
1;0000670031518;357;3
2;0000787960756;358;2
2;0000324113641;358;2
2;0000517576600;359;3
2;0000393319407;359;1
2;0001558606432;359;1
2;0000446608955;359;1
2;0000345336895;359;1
2;0000865659982;359;1
2;0000373272839;359;1
2;0000345452089;359;3
2;0000060855925;359;3
2;0000446527793;360;2
1;0000072227885;361;1
1;0000425188361;361;3
1;0000345409469;361;3
1;0000262024829;361;2
2;0000471286168;362;1
2;0000345452089;362;1
2;0000446527793;362;1
2;0000735713170;362;2
2;0000072222743;363;3
2;0000399149848;363;2
2;0001586851357;363;3
2;0000324113641;363;2
2;0000743244249;363;3
2;0000805317554;363;2
2;0000743244249;364;2
2;0001590520734;364;1
2;0000061092177;364;3
2;0000060540753;365;1
2;0000345409469;365;2
2;0000684843285;365;3
2;000067976867X;365;1
1;0000071414339;366;3
2;0001558606432;367;1
2;0000316666343;367;1
2;0000399149392;367;1
2;0000060934417;367;3
2;0000130323519;367;2
2;0001590520734;367;1
2;0000201615762;367;3
2;0000324113641;367;3
2;0000072227710;367;1
2;0000425188361;367;1
1;0000446608955;368;2
1;0000061161721;368;1
1;0000060958332;368;2
1;0000735712360;368;3
1;0000072227885;368;1
1;0000471286168;368;2
1;0000596004478;368;2
1;0000743222008;368;2
2;0000393319407;369;3
2;0000316666343;369;2
2;0000446676098;369;2
2;0000671004107;369;3
2;0000345336895;369;1
1;0000735712379;370;1
1;0000312311354;370;3
1;0000345376595;370;3
1;0001558606432;370;3
1;0000060958405;370;3
2;0000345336895;371;3
2;0000471358983;371;1
2;0000446527793;371;1
2;0000609610570;371;1
2;0000201615762;371;2
2;0000316096199;372;1
2;0000071414339;372;1
2;0000324107501;372;3
2;0000385494149;372;3
2;0000743455967;372;3
2;0000061161721;372;2
2;0000972263608;372;1
2;000156158648X;373;3
2;0000743244249;373;1
2;0000385494327;373;3
2;0000735712379;373;1
2;0000471200247;373;1
2;0000324113641;373;3
2;0001561584029;373;2
1;0000738206679;374;1
1;0001586851357;374;2
1;0000684843285;374;3
1;0000425188361;374;3
1;0000609610570;374;2
1;0000743222008;374;2
1;0000471288217;374;3
2;0000061092177;375;1
2;0000399149848;375;1
2;0001586851322;375;1
2;0000373218192;375;2
2;0000684848155;375;1
2;0000061161721;375;3
2;0000072222743;376;2
2;0000425188361;376;3
2;0000743455967;376;3
2;0000394739698;376;2
2;0000679722955;376;2
2;0000735713170;376;2
2;0001579902944;376;3
2;0000262232197;376;3
2;0000743467523;376;1
1;0001590520734;377;1
1;0000142001740;377;2
1;0000743457358;377;2
1;0001558606432;378;3
1;0000060958405;378;3
1;0001558605525;378;3
1;0000312276702;379;3
1;0000373272839;379;3
1;0000471200247;379;1
1;0000060540753;379;1
1;0000072294337;379;3
1;0000782140114;379;3
1;0000130998516;379;3
1;000156158648X;379;1
1;0000262232197;380;2
1;0000684848155;380;3
1;0000440237556;380;3
1;0001565924916;381;2
1;0000060502935;381;2
1;0000782140114;381;3
1;0000373218257;381;1
1;0000061020648;381;3
1;0000865659982;381;1
1;0000393318486;381;2
1;0000735712360;381;2
1;0000321125169;381;3
2;0000446527793;382;2
2;0000425188361;382;3
2;0000471288217;382;3
2;0000471358983;382;2
2;0000735712123;382;2
2;0001561586196;382;1
2;0000671004107;382;1
2;0000446676098;382;1
2;0000679722955;382;1
2;0000865659982;383;1
2;0000743222008;383;3
1;0000471288217;384;3
1;0000312243022;384;1
1;0000321125169;384;3
1;0000440237556;384;1
1;0000316602051;385;1
2;0000972263608;386;1
2;0001880418568;386;3
2;0000787960756;386;2
2;0000471358983;386;3
2;0000471200247;386;2
2;0001586851357;386;2
2;0001558606432;386;2
2;0000743222008;386;2
1;0001558605525;387;2
1;0000609610570;388;3
1;0000312287941;388;3
1;0000471286168;388;3
1;0000393318486;388;1
1;0000446606812;388;1
1;0000312311354;388;3
1;0000312276702;388;2
1;0000262232197;389;2
1;0000684848155;389;3
1;0000060958332;389;3
1;0000738206679;389;3
1;0000393318486;389;2
1;0000471391123;389;3
1;0001590520734;390;1
1;000067976867X;390;3
1;0001586851357;390;3
1;0000972263608;390;2
1;0000321125169;391;3
1;0001861004486;391;3
1;000038572179X;391;3
1;0000312243022;391;2
1;0000679722955;391;2
1;0000060958405;391;1
2;0001558606432;392;3
2;000038572179X;392;1
2;0000743222008;392;3
2;0000375703764;392;2
2;0000345376595;392;3
2;0000385494327;392;2
2;0000735712123;392;2
2;0000446606812;392;2
2;0000071414339;393;1
2;000067463442X;393;2
2;0000743467523;393;1
2;0001861004486;393;3
2;0000061020648;393;3
2;0000312311354;393;3
2;0000312276702;393;3
2;0000787960756;393;2
1;0000072222743;394;3
1;0000060958405;394;1
1;0000373272839;394;1
1;0000060502935;394;3
1;0000446676098;394;3
2;0000262232197;395;3
2;0000446608955;395;1
2;0001565924916;395;3
2;0000471391123;395;2
2;0000262024829;395;1
2;0000782140114;395;2
2;0000471358983;395;1
2;0000735712360;395;1
2;0000130323519;395;2
2;0000385494327;395;1
1;0000743222008;396;3
1;0000373218257;396;3
1;0000517576600;396;1
1;0000596004478;396;2
1;0000743455967;396;1
1;0000345376595;396;3
1;0000684848155;396;3
1;0000385494327;396;2
1;0000735712379;396;2
1;0000394739698;396;2
2;000038572179X;397;3
2;0000471200247;397;3
2;0000316666343;397;2
2;0000312287941;397;2
2;0000446527793;397;1
2;0000316096199;397;1
2;0000735712360;397;3
2;0000140077022;397;2
2;0001561584029;397;2
1;0000373218192;398;3
1;0000471391123;398;3
1;0000060958405;398;3
1;0000394739698;398;2
1;0000782140661;398;1
1;0000142001740;398;2
1;0000425188361;398;3
1;0001558606432;398;1
1;0000072227710;398;3
2;0000324113641;399;2
2;0000130323519;399;1
2;0000743455967;399;3
2;0000345336895;399;3
2;0001565924916;399;2
1;0000972263608;400;3
1;000067463442X;400;2
1;0000735712360;400;3
1;0000446606812;400;3
2;0001579550088;401;2
2;0000743206061;401;3
2;0000324107501;401;1
2;0000385494149;401;3
2;0000130323519;402;2
2;0000316666343;402;2
2;0000735712123;402;3
2;0000743222008;402;2
2;0000596004478;402;3
2;0000375703764;402;1
2;0000738206679;402;3
2;0000670031518;402;1
2;000067463442X;402;1
2;0001861004486;402;1
1;0000670031518;403;1
1;0000375508325;403;1
1;0000312311354;403;2
2;0000130323519;404;1
2;0000471286168;404;1
1;0000373272839;405;2
1;0000782140661;405;2
1;0000324107501;405;2
1;0000471391123;405;2
2;0000471363049;406;1
2;0000060540753;406;3
2;0000072227710;406;1
2;0000446608955;406;2
2;0000446606812;406;3
2;0000071414339;406;2
2;0000061161721;406;1
2;0000072294337;406;1
2;0000399149848;406;3
1;0000066214750;407;1
1;0000393318486;407;1
1;0000262232197;407;2
1;0000072315318;407;3
1;0000060934417;407;1
2;0000738206679;408;3
2;0000312287941;408;2
2;0000061161721;408;2
2;0000060958332;408;1
2;0000316602051;408;2
2;0000446608955;408;1
2;0001561586196;408;3
1;0000743457358;409;1
1;0000743222008;410;2
1;0000345336895;410;1
1;0000399149848;410;3
1;0000517576600;410;3
1;0000471200247;410;1
1;0000061020648;410;3
1;0000072315318;410;2
1;0001558605525;410;3
1;0001590520734;410;1
1;0000316602051;411;3
1;000067463442X;411;2
1;0001579550088;411;3
1;0000596004478;411;2
1;0000743455967;411;3
1;0000072315318;411;3
1;0000735713170;411;2
1;0000399149848;411;3
1;0000316666343;411;3
1;0000782140661;412;2
1;0000072222743;412;1
1;0000061161721;412;2
1;0000072294337;412;2
1;0000425188361;412;3
2;0000060502935;413;3
2;0001561584029;413;1
2;0000684843285;413;1
2;0000735712360;413;1
2;0000066214750;413;3
2;0000312287941;413;3
2;0000972263608;413;3
2;0000609610570;413;2
2;0000517576600;413;2
2;0000061092177;413;1
2;0001579902944;414;1
2;0001586851357;414;2
2;0000345409469;415;2
2;0000312243022;415;1
2;0000394739698;415;3
2;0000471286168;415;1
2;0000805317554;415;1
2;0000071414339;416;1
2;0000312311354;416;1
2;0000609610570;416;2
2;0001561584029;416;1
2;0000679722955;416;3
2;0001565924916;417;3
2;0000373218192;418;2
2;0001561586196;418;3
2;0000312287941;418;3
2;0000072315318;418;3
1;0000787960756;419;2
1;0000446608955;419;3
1;0000670031518;419;3
1;0000345409469;419;3
2;0001586851357;420;2
2;0000393318486;421;1
2;0000471363049;421;3
2;0000072227710;421;3
2;0001579550088;421;2
2;0000061020656;421;3
2;0001558605525;421;3
2;0000471200247;421;1
2;0000738206679;421;3
2;0000743457358;421;3
1;0000743222008;422;1
1;0000072227885;422;2
1;0000385494246;422;1
1;0000735712123;422;3
1;0000066214750;422;1
1;0000743457358;422;1
1;0000060958332;422;3
1;0000262521415;422;2
1;0000471363049;422;2
1;0001561584029;422;3
1;0000782140114;423;3
1;0000393319407;423;1
1;0000609610570;423;1
1;0000471288217;423;2
1;0000446608955;424;1
1;0000142001740;424;2
1;0000865659982;424;2
1;0000440237556;424;2
1;0000743455967;424;1
1;0000140077022;424;2
1;0000262232197;424;3
1;0001579550088;424;2
1;0000787960756;425;3
1;0000471288217;425;2
1;0000446527793;425;1
1;0000316666343;425;1
1;0000060540753;425;1
2;0001880418568;426;1
2;0000782140114;426;1
2;0000596004478;426;3
2;0000865659982;427;3
2;0000471200247;427;1
2;0000787960756;427;3
2;0000684848155;427;3
2;0000345336895;427;1
2;0000471391123;427;2
2;0000312287941;427;3
2;0000471286168;427;2
2;0000446676098;427;2
1;0000130323519;428;2
1;0000156006219;428;1
1;0000385504470;428;2
1;0000471200247;428;3
1;0001565924916;428;1
1;0000373272839;428;2
1;0000782140661;428;2
1;0000072227885;428;3
1;0000385494246;429;1
1;0001590520734;429;3
1;0000142001740;429;1
1;0001861004486;429;1
1;0000345452089;429;3
1;0000471286168;429;1
1;0000609610570;429;1
1;0000373218257;429;1
2;000067463442X;430;2
2;0000671004107;431;3
2;0000324113641;431;3
2;0000394739698;431;1
2;0000385504470;431;2
2;0000743244249;431;3
2;0000471358983;431;2
2;0000262024829;431;2
2;0001565924916;431;3
2;0000609610570;431;2
2;0000425188361;431;2
1;0000060540753;432;3
2;0000471200247;433;3
2;0000061161721;433;2
2;0000130323519;433;2
2;0000072315318;433;1
1;000067463442X;434;1
1;0000684843285;434;2
1;0000743244249;434;1
2;0000262024829;435;3
2;0000312243022;436;3
2;0000262232197;436;2
2;0000782140661;436;3
2;0000471288217;436;2
2;0000061161721;436;1
2;0000385494149;436;1
2;0000130998516;436;3
2;0000471363049;436;3
2;0000321125169;436;1
2;000156158648X;436;1
1;0001590520734;437;3
1;0000471200247;437;2
1;000067976867X;437;1
1;0000312311354;437;1
1;0001579550088;437;3
1;0000385494327;437;2
1;0000312276702;437;3
1;0000787960756;437;3
1;0000130998516;437;3
1;0001586851357;437;3
2;0000679450785;438;2
2;0000393318486;438;3
2;000067463442X;438;1
2;0000072227710;438;3
2;0000262521415;438;3
2;000038572179X;438;3
2;0000385504470;438;3
2;0001579902944;439;2
2;0000787960756;440;3
2;0000385494149;440;1
1;0000471286168;441;2
1;0000312287941;441;2
1;0000345336895;441;3
1;0000262232197;441;1
1;0000609610570;441;1
1;0000446676098;441;2
1;0000385494246;441;1
1;0000156006219;441;1
2;0000738206679;442;1
2;0000072315318;442;1
2;0000471288217;442;3
2;0001558606432;442;2
2;0000345336895;442;3
2;0001579902944;442;3
2;0000393318486;442;3
2;000038572179X;442;1
2;0000425188361;442;1
2;0000440237556;443;3
2;0000316666343;444;3
2;0000140077022;444;2
2;0000743222008;444;1
2;0000471286168;444;2
2;0001586851357;445;3
2;0000312287941;445;2
2;0000345409469;445;1
2;0000072294337;445;1
2;0000060502935;445;2
2;0000316666343;445;3
2;0000743244249;445;2
1;0000324107501;446;2
1;0000471358983;446;2
1;0000130323519;446;3
1;0000130998516;446;1
1;0000517576600;446;2
1;0000743244249;446;1
1;0000060958405;446;2
1;0000345336895;446;1
1;0000312287941;446;2
1;0000782140661;446;2
1;0000060540753;447;1
1;0000735713170;447;2
1;000156158648X;447;3
1;0000071414339;447;3
2;0000782140661;448;3
2;0000072222743;448;2
2;0000375508325;448;2
2;0000425188361;448;1
2;0000399149848;448;1
2;0000373272839;448;2
1;0000446608955;449;2
1;0000399149848;449;1
1;0000262232197;449;1
1;0000316666343;449;1
1;000038572179X;449;1
1;0000425188361;450;2
1;0000312287941;450;3
1;0000972263608;450;1
1;0000782140661;450;2
1;0000373218257;450;1
2;0000385494327;451;2
2;0000156006219;451;2
2;0000671004107;451;3
2;0000072315318;451;3
2;0000735712379;451;3
1;0000385494327;452;2
1;0000671004107;452;1
1;0000609610570;452;1
1;0000393318486;452;1
1;0000156006219;452;3
1;0000262521415;453;1
1;0000156006219;453;2
1;0000446527793;453;2
1;0000596004478;453;3
1;0000140077022;453;3
1;0000130998516;453;3
1;0001861004486;453;1
1;0001579550088;454;1
1;0000316602051;454;2
1;0000316666343;454;1
1;0000061161721;454;1
1;0000393318486;454;3
1;0000385494149;454;1
2;000067463442X;455;2
2;0000321125169;455;2
2;0000805317554;455;3
2;0000066214750;455;2
2;0000262232197;455;3
2;0000684848155;455;3
2;0001561586196;455;2
2;0000345336895;455;2
2;0000324107501;455;1
2;0000060502935;456;1
2;0000471358983;456;1
2;0000679722955;456;1
2;0000316602051;456;3
2;0000471286168;456;3
2;0000385494327;456;1
1;0000440237556;457;2
1;0000072294337;457;2
1;0000596004478;457;3
1;0001558606432;457;2
1;000067463442X;457;1
1;0000060502935;457;2
1;0001586851357;457;2
1;0000373272839;457;1
1;0001561586196;458;2
1;0000316602051;458;3
1;0000324107501;458;3
1;0000735712123;458;1
1;0000071414339;458;1
1;000038572179X;458;3
1;0001558605525;458;3
1;0000684843285;459;2
1;0000060855925;459;3
2;0000072227885;460;3
2;0000312311354;460;1
2;0000375508325;460;3
2;0000670031518;461;1
2;000067463442X;461;3
2;0000060855925;461;3
2;0000130998516;461;3
2;0000060934417;461;1
2;0000471363049;461;3
1;0000072294337;462;1
1;000067976867X;462;2
1;0000316602051;462;2
1;0000782140661;462;2
1;0000446608955;462;1
1;0000393318486;462;3
1;0000061161721;462;3
2;0000743455967;463;2
2;0000061020656;463;1
2;0000345409469;463;3
2;0000609610570;463;1
2;0000375508325;463;2
2;0000399149392;463;2
2;0001861004486;463;2
2;0000071414339;463;1
2;0001561586196;463;2
2;0000743222008;463;1
1;0000471391123;464;3
1;0000471363049;464;2
1;0000072294337;464;2
1;0000393318486;464;2
1;0000061092177;464;1
1;0000345409469;464;3
1;000067463442X;464;3
1;0000399149848;464;2
1;0000345452089;464;2
2;0000060934417;465;2
2;0000735712379;465;3
2;0000140077022;465;1
2;0000609610570;465;1
2;0000262232197;465;3
2;0000394739698;465;3
2;0000517576600;465;3
2;0000142001740;465;1
2;0000072227885;465;1
1;0000316602051;466;3
1;0000735713170;466;2
1;0001558606432;467;2
1;0001561586196;467;2
2;0000471363049;468;2
2;0000385494149;468;3
2;0000393319407;468;3
2;0000735712379;469;2
2;0000072294337;469;1
2;0000446676098;469;3
2;0000156006219;470;3
2;0000345336895;470;2
2;0000609610570;471;1
2;0000471286168;471;3
2;0000072227710;471;2
2;0000679722955;472;2
2;0000393319407;472;3
2;0000743467523;472;1
2;0000425188361;472;1
2;0000385494149;472;3
2;000067463442X;472;2
2;0000471200247;472;3
1;0000385494246;473;1
1;0000324113641;473;2
1;0001558606432;473;2
2;0000066214750;474;3
2;0000743455967;474;2
2;0000385494246;474;2
1;0000743455967;475;1
1;0000471200247;475;2
1;0000324107501;475;2
1;0000385494246;475;2
1;0000060502935;476;2
1;0000345409469;476;2
1;0000071414339;476;2
1;0001561584029;476;3
1;0000262232197;476;1
1;0000345336895;476;3
1;0000446606812;476;2
1;0000130323519;476;3
1;0000471286168;476;3
1;0000393319407;476;3
1;0000142001740;477;1
1;0001579550088;477;3
2;0000670031518;478;1
2;0000471288217;478;1
2;0000743455967;478;3
2;0000446608955;479;3
2;0000394739698;479;2
1;0000312243022;480;2
1;0000061020648;480;2
1;0000072227885;480;3
1;0000142001740;480;3
1;0001861004486;480;1
1;0001558605525;480;1
1;0000312287941;480;2
1;0000735712360;481;2
1;0000743457358;481;3
1;0000072294337;481;3
1;0000066214750;481;3
1;0000072227885;481;2
1;0000399149392;481;1
2;0000609610570;482;1
1;0000072227885;483;1
1;0000385494149;484;2
1;0000471200247;484;2
1;0000743457358;484;1
1;0000385494246;484;3
1;0001558605525;484;2
2;0000316096199;485;2
2;0000060855925;485;1
2;0000061161721;485;3
2;0000316666343;485;2
2;0000385504470;485;1
2;0000609610570;485;3
2;0000425188361;485;2
2;0000345409469;485;2
