1;1;1942-03-22;2016-07-19
2;2;1958-10-23;2021-05-01
3;3;1957-10-23;
4;4;1950-05-19;
5;5;1949-02-23;
6;6;1931-08-08;2020-08-11
7;7;1953-01-03;2015-03-22
8;8;1975-04-10;2020-07-12
9;9;1962-02-03;
10;10;1941-11-06;
11;11;1950-12-27;2013-05-01
12;12;1955-04-12;2017-09-15
13;13;1935-03-26;2022-05-19
14;14;1955-10-12;2020-06-12
15;15;1944-05-07;2015-08-31
16;16;1940-08-12;2021-11-20
17;17;1952-09-11;2016-05-05
18;18;1949-10-13;
19;19;1947-04-13;
20;20;1970-06-20;
21;21;1937-01-23;
22;22;1942-07-16;
23;23;1931-11-02;2021-11-26
24;24;1967-03-03;2010-06-07
25;25;1944-02-16;2021-11-20
26;26;1975-01-24;
27;27;1940-11-18;
28;28;1976-07-28;
29;29;1954-05-22;2019-12-11
30;30;1977-03-03;2015-07-17
31;31;1942-05-02;2010-03-12
32;32;1932-02-27;
33;33;1979-10-26;
34;34;1972-02-16;
35;35;1949-02-03;2020-04-09
36;36;1930-04-18;2013-12-15
37;37;1958-10-13;2017-01-17
38;38;1952-08-04;2013-06-29
39;39;1952-03-13;
40;40;1968-04-20;
41;41;1962-10-31;
42;42;1958-05-30;
43;43;1940-03-20;2016-06-16
44;44;1979-06-13;
45;45;1974-07-14;
46;46;1961-10-26;2019-09-27
47;47;1943-02-15;2019-04-30
48;48;1974-11-15;
49;49;1943-04-03;2014-07-09
50;50;1969-12-11;2011-02-16
51;51;1942-12-31;
52;52;1944-09-30;2012-12-26
53;53;1953-06-12;2022-12-16
54;54;1972-08-13;
55;55;1950-09-12;2013-01-05
56;56;1966-03-06;
57;57;1942-10-27;
58;58;1957-01-21;
59;59;1945-07-24;
60;60;1941-12-10;2010-06-27
61;61;1937-06-15;2012-03-24
62;62;1965-06-30;2017-02-19
63;63;1967-06-04;
64;64;1971-10-05;
65;65;1951-11-09;2012-02-06
66;66;1940-10-08;
67;67;1977-06-03;
68;68;1976-01-03;
69;69;1933-06-01;
70;70;1958-02-12;2012-09-14
71;71;1934-03-17;
72;72;1943-08-06;
73;73;1930-11-18;2020-08-14
74;74;1942-07-28;2017-09-21
75;75;1978-10-10;
76;76;1935-09-12;2013-03-26
77;77;1946-07-30;
78;78;1955-01-07;2018-07-19
79;79;1957-12-16;
80;80;1956-09-19;
81;81;1969-12-15;
82;82;1964-09-13;
83;83;1968-12-02;
84;84;1962-07-16;
85;85;1942-05-31;2020-11-28
86;86;1962-08-13;
87;87;1938-06-27;2023-03-11
88;88;1963-11-08;
89;89;1939-01-31;2014-07-09
90;90;1967-09-30;
91;91;1930-10-17;2010-08-07
92;92;1979-05-09;
93;93;1937-10-25;2012-05-01
94;94;1935-05-01;2013-07-28
95;95;1976-03-21;
96;96;1948-07-27;2018-09-05
97;97;1964-03-10;
98;98;1969-07-24;
99;99;1963-07-14;2018-08-17
100;100;1953-12-26;2012-11-07
101;101;1931-06-30;2015-10-13
